源页面,断链
terms-old.html,mailto:vaultcaddy@gmail.com
terms-old.html,mailto:vaultcaddy@gmail.com
blog-sidebar-template.html,how-to-convert-pdf-bank-statement-to-excel.html
blog-sidebar-template.html,ai-invoice-processing-guide.html
blog-sidebar-template.html,best-pdf-to-excel-converter.html
blog-sidebar-template.html,ocr-technology-for-accountants.html
blog-sidebar-template.html,automate-financial-documents.html
blog-sidebar-template.html,../index.html
dbs-bank-statement.html,../index.html
dbs-bank-statement.html,../blog
dbs-bank-statement.html,../auth.html
dbs-bank-statement.html,../auth.html
index.html,mailto:vaultcaddy@gmail.com
index-clean.html,mailto:support@vaultcaddy.com
privacy-old.html,mailto:vaultcaddy@gmail.com
privacy-old.html,mailto:vaultcaddy@gmail.com
privacy-old.html,mailto:vaultcaddy@gmail.com
terms.html,mailto:vaultcaddy@gmail.com
terms.html,mailto:vaultcaddy@gmail.com
index-backup-working.html,mailto:support@vaultcaddy.com
standard-chartered-statement.html,../index.html
standard-chartered-statement.html,../blog
standard-chartered-statement.html,../auth.html
standard-chartered-statement.html,../auth.html
invoice-processing.html,../index.html
invoice-processing.html,../blog
invoice-processing.html,../auth.html
invoice-processing.html,../auth.html
privacy-old-backup.html,mailto:vaultcaddy@gmail.com
hsbc-bank-statement.html,mailto:vaultcaddy@gmail.com
terms-old-backup.html,mailto:vaultcaddy@gmail.com
receipt-scanner.html,../index.html
receipt-scanner.html,../blog
receipt-scanner.html,../auth.html
receipt-scanner.html,../auth.html
tax-season-helper.html,../index.html
tax-season-helper.html,../blog
tax-season-helper.html,../auth.html
tax-season-helper.html,../auth.html
index-backup-before-remove-language.html,mailto:support@vaultcaddy.com
bea-bank-statement.html,../index.html
bea-bank-statement.html,../blog
bea-bank-statement.html,../auth.html
bea-bank-statement.html,../auth.html
privacy.html,mailto:vaultcaddy@gmail.com
privacy.html,mailto:vaultcaddy@gmail.com
marketing_assets/comparison_table.html,marketing_assets/auth.html
marketing_assets/urgency_banner.html,marketing_assets/auth.html
backup_before_restore/kr_index.html,backup_before_restore/index.html
backup_before_restore/kr_index.html,backup_before_restore/index.html
backup_before_restore/kr_index.html,backup_before_restore/index.html
backup_before_restore/kr_index.html,backup_before_restore/dashboard.html
backup_before_restore/kr_index.html,backup_before_restore/index.html
backup_before_restore/kr_index.html,backup_before_restore/index.html
backup_before_restore/kr_index.html,backup_before_restore/index.html
backup_before_restore/kr_index.html,backup_before_restore/dashboard.html
backup_before_restore/kr_index.html,backup_before_restore/privacy.html
backup_before_restore/kr_index.html,backup_before_restore/terms.html
backup_before_restore/kr_index.html,backup_before_restore/account.html
backup_before_restore/kr_index.html,backup_before_restore/billing.html
backup_before_restore/kr_index.html,backup_before_restore/firstproject.html
backup_before_restore/kr_index.html,backup_before_restore/dashboard.html
backup_before_restore/kr_index.html,backup_before_restore/privacy.html
backup_before_restore/kr_index.html,backup_before_restore/terms.html
backup_before_restore/kr_index.html,backup_before_restore/mailto:support@vaultcaddy.com
backup_before_restore/jp_index.html,backup_before_restore/index.html
backup_before_restore/jp_index.html,backup_before_restore/index.html
backup_before_restore/jp_index.html,backup_before_restore/index.html
backup_before_restore/jp_index.html,backup_before_restore/dashboard.html
backup_before_restore/jp_index.html,backup_before_restore/index.html
backup_before_restore/jp_index.html,backup_before_restore/index.html
backup_before_restore/jp_index.html,backup_before_restore/index.html
backup_before_restore/jp_index.html,backup_before_restore/dashboard.html
backup_before_restore/jp_index.html,backup_before_restore/privacy.html
backup_before_restore/jp_index.html,backup_before_restore/terms.html
backup_before_restore/jp_index.html,backup_before_restore/account.html
backup_before_restore/jp_index.html,backup_before_restore/billing.html
backup_before_restore/jp_index.html,backup_before_restore/firstproject.html
backup_before_restore/jp_index.html,backup_before_restore/dashboard.html
backup_before_restore/jp_index.html,backup_before_restore/privacy.html
backup_before_restore/jp_index.html,backup_before_restore/terms.html
backup_before_restore/jp_index.html,backup_before_restore/mailto:support@vaultcaddy.com
backup_before_restore/en_index.html,backup_before_restore/index.html
backup_before_restore/en_index.html,backup_before_restore/index.html
backup_before_restore/en_index.html,backup_before_restore/index.html
backup_before_restore/en_index.html,backup_before_restore/dashboard.html
backup_before_restore/en_index.html,backup_before_restore/index.html
backup_before_restore/en_index.html,backup_before_restore/index.html
backup_before_restore/en_index.html,backup_before_restore/index.html
backup_before_restore/en_index.html,backup_before_restore/dashboard.html
backup_before_restore/en_index.html,backup_before_restore/privacy.html
backup_before_restore/en_index.html,backup_before_restore/terms.html
backup_before_restore/en_index.html,backup_before_restore/account.html
backup_before_restore/en_index.html,backup_before_restore/billing.html
backup_before_restore/en_index.html,backup_before_restore/firstproject.html
backup_before_restore/en_index.html,backup_before_restore/dashboard.html
backup_before_restore/en_index.html,backup_before_restore/privacy.html
backup_before_restore/en_index.html,backup_before_restore/terms.html
backup_before_restore/en_index.html,backup_before_restore/mailto:support@vaultcaddy.com
blog/ocr-technology-for-accountants.html,blog/hsbc-bank-statement-processing.html
blog/ocr-technology-for-accountants.html,blog/bank-statement-ocr-technology.html
blog/ocr-technology-for-accountants.html,pricing
blog/ocr-technology-for-accountants.html,blog/hsbc-bank-statement-processing.html
blog/ocr-technology-for-accountants.html,blog/quickbooks-vs-other-software.html
blog/personal-bookkeeping-best-practices.html,blog/hsbc-bank-statement-processing.html
blog/personal-bookkeeping-best-practices.html,blog/bank-statement-ocr-technology.html
blog/personal-bookkeeping-best-practices.html,pricing
blog/personal-bookkeeping-best-practices.html,blog/hsbc-bank-statement-processing.html
blog/personal-bookkeeping-best-practices.html,blog/hsbc-bank-statement-processing.html
blog/personal-bookkeeping-best-practices.html,blog/quickbooks-vs-other-software.html
blog/ai-invoice-processing-for-smb.html,blog/quickbooks-vs-other-software.html
blog/ai-invoice-processing-for-smb.html,blog/small-business-accounting-tools.html
blog/ai-invoice-processing-for-smb.html,blog/ai-accounting-benefits.html
blog/ai-invoice-processing-for-smb.html,blog/hsbc-bank-statement-processing.html
blog/ai-invoice-processing-for-smb.html,blog/bank-statement-ocr-technology.html
blog/ai-invoice-processing-for-smb.html,pricing
blog/quickbooks-integration-guide.html,blog/hsbc-bank-statement-processing.html
blog/quickbooks-integration-guide.html,blog/quickbooks-vs-other-software.html
blog/quickbooks-integration-guide.html,blog/hsbc-bank-statement-processing.html
blog/quickbooks-integration-guide.html,blog/bank-statement-ocr-technology.html
blog/quickbooks-integration-guide.html,pricing
blog/freelancer-invoice-management.html,blog/hsbc-bank-statement-processing.html
blog/freelancer-invoice-management.html,blog/bank-statement-ocr-technology.html
blog/freelancer-invoice-management.html,pricing
blog/freelancer-invoice-management.html,blog/hsbc-bank-statement-processing.html
blog/freelancer-invoice-management.html,blog/hsbc-bank-statement-processing.html
blog/freelancer-invoice-management.html,blog/quickbooks-vs-other-software.html
blog/automate-financial-documents.html,blog/hsbc-bank-statement-processing.html
blog/automate-financial-documents.html,blog/bank-statement-ocr-technology.html
blog/automate-financial-documents.html,pricing
blog/automate-financial-documents.html,blog/hsbc-bank-statement-processing.html
blog/automate-financial-documents.html,blog/quickbooks-vs-other-software.html
blog/accounting-workflow-optimization.html,blog/quickbooks-vs-other-software.html
blog/accounting-workflow-optimization.html,blog/small-business-accounting-tools.html
blog/accounting-workflow-optimization.html,blog/ai-accounting-benefits.html
blog/accounting-workflow-optimization.html,blog/hsbc-bank-statement-processing.html
blog/accounting-workflow-optimization.html,blog/bank-statement-ocr-technology.html
blog/accounting-workflow-optimization.html,pricing
blog/best-pdf-to-excel-converter.html,blog/hsbc-bank-statement-processing.html
blog/best-pdf-to-excel-converter.html,blog/bank-statement-ocr-technology.html
blog/best-pdf-to-excel-converter.html,pricing
blog/best-pdf-to-excel-converter.html,blog/hsbc-bank-statement-processing.html
blog/best-pdf-to-excel-converter.html,blog/hsbc-bank-statement-processing.html
blog/best-pdf-to-excel-converter.html,blog/quickbooks-vs-other-software.html
blog/how-to-convert-pdf-bank-statement-to-excel.html,blog/hsbc-bank-statement-processing.html
blog/how-to-convert-pdf-bank-statement-to-excel.html,blog/bank-statement-ocr-technology.html
blog/how-to-convert-pdf-bank-statement-to-excel.html,pricing
blog/how-to-convert-pdf-bank-statement-to-excel.html,blog/hsbc-bank-statement-processing.html
blog/how-to-convert-pdf-bank-statement-to-excel.html,blog/hsbc-bank-statement-processing.html
blog/how-to-convert-pdf-bank-statement-to-excel.html,blog/quickbooks-vs-other-software.html
blog/ai-invoice-processing-guide.html,blog/dashboard.html
blog/ai-invoice-processing-guide.html,blog/dashboard.html
blog/ai-invoice-processing-guide.html,blog/privacy.html
blog/ai-invoice-processing-guide.html,blog/terms.html
blog/ai-invoice-processing-guide.html,blog/hsbc-bank-statement-processing.html
blog/ai-invoice-processing-guide.html,blog/bank-statement-ocr-technology.html
blog/ai-invoice-processing-guide.html,pricing
blog/ai-invoice-processing-guide.html,blog/hsbc-bank-statement-processing.html
blog/ai-invoice-processing-guide.html,blog/quickbooks-vs-other-software.html
blog/ocr-accuracy-for-accounting.html,blog/quickbooks-vs-other-software.html
blog/ocr-accuracy-for-accounting.html,blog/small-business-accounting-tools.html
blog/ocr-accuracy-for-accounting.html,blog/ai-accounting-benefits.html
blog/ocr-accuracy-for-accounting.html,blog/hsbc-bank-statement-processing.html
blog/ocr-accuracy-for-accounting.html,blog/bank-statement-ocr-technology.html
blog/ocr-accuracy-for-accounting.html,pricing
blog/accounting-firm-automation.html,blog/quickbooks-vs-other-software.html
blog/accounting-firm-automation.html,blog/small-business-accounting-tools.html
blog/accounting-firm-automation.html,blog/ai-accounting-benefits.html
blog/accounting-firm-automation.html,blog/hsbc-bank-statement-processing.html
blog/accounting-firm-automation.html,blog/bank-statement-ocr-technology.html
blog/accounting-firm-automation.html,pricing
blog/freelancer-tax-preparation-guide.html,blog/hsbc-bank-statement-processing.html
blog/freelancer-tax-preparation-guide.html,blog/bank-statement-ocr-technology.html
blog/freelancer-tax-preparation-guide.html,pricing
blog/freelancer-tax-preparation-guide.html,blog/hsbc-bank-statement-processing.html
blog/freelancer-tax-preparation-guide.html,blog/hsbc-bank-statement-processing.html
blog/freelancer-tax-preparation-guide.html,blog/quickbooks-vs-other-software.html
blog/manual-vs-ai-cost-analysis.html,blog/small-business-expense-tracking.html
blog/manual-vs-ai-cost-analysis.html,blog/hsbc-bank-statement-processing.html
blog/manual-vs-ai-cost-analysis.html,blog/bank-statement-ocr-technology.html
blog/manual-vs-ai-cost-analysis.html,pricing
blog/manual-vs-ai-cost-analysis.html,blog/hsbc-bank-statement-processing.html
blog/manual-vs-ai-cost-analysis.html,blog/quickbooks-vs-other-software.html
blog/client-document-management-for-accountants.html,blog/hsbc-bank-statement-processing.html
blog/client-document-management-for-accountants.html,blog/hsbc-bank-statement-processing.html
blog/client-document-management-for-accountants.html,blog/quickbooks-vs-other-software.html
blog/client-document-management-for-accountants.html,blog/hsbc-bank-statement-processing.html
blog/client-document-management-for-accountants.html,blog/bank-statement-ocr-technology.html
blog/client-document-management-for-accountants.html,pricing
blog/small-business-document-management.html,blog/hsbc-bank-statement-processing.html
blog/small-business-document-management.html,blog/hsbc-bank-statement-processing.html
blog/small-business-document-management.html,blog/quickbooks-vs-other-software.html
blog/small-business-document-management.html,blog/hsbc-bank-statement-processing.html
blog/small-business-document-management.html,blog/bank-statement-ocr-technology.html
blog/small-business-document-management.html,pricing
blog/complete-bank-statement-processing-guide-2025.html,pricing
blog/complete-bank-statement-processing-guide-2025.html,blog/hsbc-bank-statement-processing.html
blog/complete-bank-statement-processing-guide-2025.html,pricing
kr/index.html,kr/mailto:vaultcaddy@gmail.com
kr/auth.html,kr/forgot-password.html
kr/terms.html,kr/mailto:vaultcaddy@gmail.com
kr/terms.html,kr/mailto:vaultcaddy@gmail.com
kr/privacy.html,kr/mailto:vaultcaddy@gmail.com
kr/privacy.html,kr/mailto:vaultcaddy@gmail.com
kr/blog/receipt-scanning-guide.html,blog/hsbc-bank-statement-processing.html
kr/blog/receipt-scanning-guide.html,blog/bank-statement-ocr-technology.html
kr/blog/receipt-scanning-guide.html,pricing
kr/blog/receipt-scanning-guide.html,kr/blog/hsbc-bank-statement-processing.html
kr/blog/receipt-scanning-guide.html,blog/hsbc-bank-statement-processing.html
kr/blog/receipt-scanning-guide.html,blog/quickbooks-vs-other-software.html
kr/blog/ocr-technology-for-accountants.html,blog/hsbc-bank-statement-processing.html
kr/blog/ocr-technology-for-accountants.html,blog/bank-statement-ocr-technology.html
kr/blog/ocr-technology-for-accountants.html,pricing
kr/blog/ocr-technology-for-accountants.html,blog/quickbooks-vs-other-software.html
kr/blog/ocr-technology-for-accountants.html,blog/small-business-accounting-tools.html
kr/blog/ocr-technology-for-accountants.html,blog/ai-accounting-benefits.html
kr/blog/personal-bookkeeping-best-practices.html,blog/hsbc-bank-statement-processing.html
kr/blog/personal-bookkeeping-best-practices.html,blog/bank-statement-ocr-technology.html
kr/blog/personal-bookkeeping-best-practices.html,pricing
kr/blog/personal-bookkeeping-best-practices.html,kr/blog/hsbc-bank-statement-processing.html
kr/blog/personal-bookkeeping-best-practices.html,blog/hsbc-bank-statement-processing.html
kr/blog/personal-bookkeeping-best-practices.html,blog/quickbooks-vs-other-software.html
kr/blog/ai-invoice-processing-for-smb.html,blog/hsbc-bank-statement-processing.html
kr/blog/ai-invoice-processing-for-smb.html,blog/bank-statement-ocr-technology.html
kr/blog/ai-invoice-processing-for-smb.html,pricing
kr/blog/ai-invoice-processing-for-smb.html,blog/quickbooks-vs-other-software.html
kr/blog/ai-invoice-processing-for-smb.html,blog/small-business-accounting-tools.html
kr/blog/ai-invoice-processing-for-smb.html,blog/ai-accounting-benefits.html
kr/blog/quickbooks-integration-guide.html,blog/hsbc-bank-statement-processing.html
kr/blog/quickbooks-integration-guide.html,blog/bank-statement-ocr-technology.html
kr/blog/quickbooks-integration-guide.html,pricing
kr/blog/quickbooks-integration-guide.html,blog/hsbc-bank-statement-processing.html
kr/blog/quickbooks-integration-guide.html,blog/quickbooks-vs-other-software.html
kr/blog/freelancer-invoice-management.html,blog/hsbc-bank-statement-processing.html
kr/blog/freelancer-invoice-management.html,blog/bank-statement-ocr-technology.html
kr/blog/freelancer-invoice-management.html,pricing
kr/blog/freelancer-invoice-management.html,kr/blog/hsbc-bank-statement-processing.html
kr/blog/freelancer-invoice-management.html,blog/hsbc-bank-statement-processing.html
kr/blog/freelancer-invoice-management.html,blog/quickbooks-vs-other-software.html
kr/blog/automate-financial-documents.html,blog/hsbc-bank-statement-processing.html
kr/blog/automate-financial-documents.html,blog/bank-statement-ocr-technology.html
kr/blog/automate-financial-documents.html,pricing
kr/blog/automate-financial-documents.html,blog/quickbooks-vs-other-software.html
kr/blog/automate-financial-documents.html,blog/small-business-accounting-tools.html
kr/blog/automate-financial-documents.html,blog/ai-accounting-benefits.html
kr/blog/accounting-workflow-optimization.html,blog/hsbc-bank-statement-processing.html
kr/blog/accounting-workflow-optimization.html,blog/bank-statement-ocr-technology.html
kr/blog/accounting-workflow-optimization.html,pricing
kr/blog/accounting-workflow-optimization.html,blog/quickbooks-vs-other-software.html
kr/blog/accounting-workflow-optimization.html,blog/small-business-accounting-tools.html
kr/blog/accounting-workflow-optimization.html,blog/ai-accounting-benefits.html
kr/blog/best-pdf-to-excel-converter.html,blog/hsbc-bank-statement-processing.html
kr/blog/best-pdf-to-excel-converter.html,blog/bank-statement-ocr-technology.html
kr/blog/best-pdf-to-excel-converter.html,pricing
kr/blog/best-pdf-to-excel-converter.html,kr/blog/hsbc-bank-statement-processing.html
kr/blog/best-pdf-to-excel-converter.html,blog/hsbc-bank-statement-processing.html
kr/blog/best-pdf-to-excel-converter.html,blog/quickbooks-vs-other-software.html
kr/blog/how-to-convert-pdf-bank-statement-to-excel.html,blog/hsbc-bank-statement-processing.html
kr/blog/how-to-convert-pdf-bank-statement-to-excel.html,blog/bank-statement-ocr-technology.html
kr/blog/how-to-convert-pdf-bank-statement-to-excel.html,pricing
kr/blog/how-to-convert-pdf-bank-statement-to-excel.html,kr/blog/hsbc-bank-statement-processing.html
kr/blog/how-to-convert-pdf-bank-statement-to-excel.html,blog/hsbc-bank-statement-processing.html
kr/blog/how-to-convert-pdf-bank-statement-to-excel.html,blog/quickbooks-vs-other-software.html
kr/blog/ai-invoice-processing-guide.html,blog/hsbc-bank-statement-processing.html
kr/blog/ai-invoice-processing-guide.html,blog/bank-statement-ocr-technology.html
kr/blog/ai-invoice-processing-guide.html,pricing
kr/blog/ai-invoice-processing-guide.html,blog/quickbooks-vs-other-software.html
kr/blog/ai-invoice-processing-guide.html,blog/small-business-accounting-tools.html
kr/blog/ai-invoice-processing-guide.html,blog/ai-accounting-benefits.html
kr/blog/ocr-accuracy-for-accounting.html,blog/hsbc-bank-statement-processing.html
kr/blog/ocr-accuracy-for-accounting.html,blog/bank-statement-ocr-technology.html
kr/blog/ocr-accuracy-for-accounting.html,pricing
kr/blog/ocr-accuracy-for-accounting.html,blog/quickbooks-vs-other-software.html
kr/blog/ocr-accuracy-for-accounting.html,blog/small-business-accounting-tools.html
kr/blog/ocr-accuracy-for-accounting.html,blog/ai-accounting-benefits.html
kr/blog/expense-tracking-receipts.html,blog/hsbc-bank-statement-processing.html
kr/blog/expense-tracking-receipts.html,blog/bank-statement-ocr-technology.html
kr/blog/expense-tracking-receipts.html,pricing
kr/blog/expense-tracking-receipts.html,kr/blog/hsbc-bank-statement-processing.html
kr/blog/expense-tracking-receipts.html,blog/hsbc-bank-statement-processing.html
kr/blog/expense-tracking-receipts.html,blog/quickbooks-vs-other-software.html
kr/blog/accounting-firm-automation.html,blog/hsbc-bank-statement-processing.html
kr/blog/accounting-firm-automation.html,blog/bank-statement-ocr-technology.html
kr/blog/accounting-firm-automation.html,pricing
kr/blog/accounting-firm-automation.html,blog/quickbooks-vs-other-software.html
kr/blog/accounting-firm-automation.html,blog/small-business-accounting-tools.html
kr/blog/accounting-firm-automation.html,blog/ai-accounting-benefits.html
kr/blog/freelancer-tax-preparation-guide.html,blog/hsbc-bank-statement-processing.html
kr/blog/freelancer-tax-preparation-guide.html,blog/bank-statement-ocr-technology.html
kr/blog/freelancer-tax-preparation-guide.html,pricing
kr/blog/freelancer-tax-preparation-guide.html,kr/blog/hsbc-bank-statement-processing.html
kr/blog/freelancer-tax-preparation-guide.html,blog/hsbc-bank-statement-processing.html
kr/blog/freelancer-tax-preparation-guide.html,blog/quickbooks-vs-other-software.html
kr/blog/manual-vs-ai-cost-analysis.html,blog/hsbc-bank-statement-processing.html
kr/blog/manual-vs-ai-cost-analysis.html,blog/bank-statement-ocr-technology.html
kr/blog/manual-vs-ai-cost-analysis.html,pricing
kr/blog/manual-vs-ai-cost-analysis.html,blog/quickbooks-vs-other-software.html
kr/blog/manual-vs-ai-cost-analysis.html,blog/small-business-accounting-tools.html
kr/blog/manual-vs-ai-cost-analysis.html,blog/ai-accounting-benefits.html
kr/blog/client-document-management-for-accountants.html,blog/hsbc-bank-statement-processing.html
kr/blog/client-document-management-for-accountants.html,blog/bank-statement-ocr-technology.html
kr/blog/client-document-management-for-accountants.html,pricing
kr/blog/client-document-management-for-accountants.html,kr/blog/hsbc-bank-statement-processing.html
kr/blog/client-document-management-for-accountants.html,blog/hsbc-bank-statement-processing.html
kr/blog/client-document-management-for-accountants.html,blog/quickbooks-vs-other-software.html
kr/blog/small-business-document-management.html,blog/hsbc-bank-statement-processing.html
kr/blog/small-business-document-management.html,blog/bank-statement-ocr-technology.html
kr/blog/small-business-document-management.html,pricing
kr/blog/small-business-document-management.html,kr/blog/hsbc-bank-statement-processing.html
kr/blog/small-business-document-management.html,blog/hsbc-bank-statement-processing.html
kr/blog/small-business-document-management.html,blog/quickbooks-vs-other-software.html
jp/index.html,jp/mailto:vaultcaddy@gmail.com
jp/auth.html,jp/forgot-password.html
jp/terms.html,jp/mailto:vaultcaddy@gmail.com
jp/terms.html,jp/mailto:vaultcaddy@gmail.com
jp/privacy.html,jp/mailto:vaultcaddy@gmail.com
jp/privacy.html,jp/mailto:vaultcaddy@gmail.com
jp/blog/receipt-scanning-guide.html,blog/hsbc-bank-statement-processing.html
jp/blog/receipt-scanning-guide.html,blog/bank-statement-ocr-technology.html
jp/blog/receipt-scanning-guide.html,pricing
jp/blog/receipt-scanning-guide.html,jp/blog/hsbc-bank-statement-processing.html
jp/blog/receipt-scanning-guide.html,blog/hsbc-bank-statement-processing.html
jp/blog/receipt-scanning-guide.html,blog/quickbooks-vs-other-software.html
jp/blog/ocr-technology-for-accountants.html,blog/hsbc-bank-statement-processing.html
jp/blog/ocr-technology-for-accountants.html,blog/bank-statement-ocr-technology.html
jp/blog/ocr-technology-for-accountants.html,pricing
jp/blog/ocr-technology-for-accountants.html,blog/quickbooks-vs-other-software.html
jp/blog/ocr-technology-for-accountants.html,blog/small-business-accounting-tools.html
jp/blog/ocr-technology-for-accountants.html,blog/ai-accounting-benefits.html
jp/blog/personal-bookkeeping-best-practices.html,blog/hsbc-bank-statement-processing.html
jp/blog/personal-bookkeeping-best-practices.html,blog/bank-statement-ocr-technology.html
jp/blog/personal-bookkeeping-best-practices.html,pricing
jp/blog/personal-bookkeeping-best-practices.html,jp/blog/hsbc-bank-statement-processing.html
jp/blog/personal-bookkeeping-best-practices.html,blog/hsbc-bank-statement-processing.html
jp/blog/personal-bookkeeping-best-practices.html,blog/quickbooks-vs-other-software.html
jp/blog/ai-invoice-processing-for-smb.html,blog/hsbc-bank-statement-processing.html
jp/blog/ai-invoice-processing-for-smb.html,blog/bank-statement-ocr-technology.html
jp/blog/ai-invoice-processing-for-smb.html,pricing
jp/blog/ai-invoice-processing-for-smb.html,blog/quickbooks-vs-other-software.html
jp/blog/ai-invoice-processing-for-smb.html,blog/small-business-accounting-tools.html
jp/blog/ai-invoice-processing-for-smb.html,blog/ai-accounting-benefits.html
jp/blog/quickbooks-integration-guide.html,blog/hsbc-bank-statement-processing.html
jp/blog/quickbooks-integration-guide.html,blog/bank-statement-ocr-technology.html
jp/blog/quickbooks-integration-guide.html,pricing
jp/blog/quickbooks-integration-guide.html,blog/hsbc-bank-statement-processing.html
jp/blog/quickbooks-integration-guide.html,blog/quickbooks-vs-other-software.html
jp/blog/freelancer-invoice-management.html,blog/hsbc-bank-statement-processing.html
jp/blog/freelancer-invoice-management.html,blog/bank-statement-ocr-technology.html
jp/blog/freelancer-invoice-management.html,pricing
jp/blog/freelancer-invoice-management.html,jp/blog/hsbc-bank-statement-processing.html
jp/blog/freelancer-invoice-management.html,blog/hsbc-bank-statement-processing.html
jp/blog/freelancer-invoice-management.html,blog/quickbooks-vs-other-software.html
jp/blog/automate-financial-documents.html,blog/hsbc-bank-statement-processing.html
jp/blog/automate-financial-documents.html,blog/bank-statement-ocr-technology.html
jp/blog/automate-financial-documents.html,pricing
jp/blog/automate-financial-documents.html,blog/quickbooks-vs-other-software.html
jp/blog/automate-financial-documents.html,blog/small-business-accounting-tools.html
jp/blog/automate-financial-documents.html,blog/ai-accounting-benefits.html
jp/blog/accounting-workflow-optimization.html,blog/hsbc-bank-statement-processing.html
jp/blog/accounting-workflow-optimization.html,blog/bank-statement-ocr-technology.html
jp/blog/accounting-workflow-optimization.html,pricing
jp/blog/accounting-workflow-optimization.html,blog/quickbooks-vs-other-software.html
jp/blog/accounting-workflow-optimization.html,blog/small-business-accounting-tools.html
jp/blog/accounting-workflow-optimization.html,blog/ai-accounting-benefits.html
jp/blog/best-pdf-to-excel-converter.html,blog/hsbc-bank-statement-processing.html
jp/blog/best-pdf-to-excel-converter.html,blog/bank-statement-ocr-technology.html
jp/blog/best-pdf-to-excel-converter.html,pricing
jp/blog/best-pdf-to-excel-converter.html,jp/blog/hsbc-bank-statement-processing.html
jp/blog/best-pdf-to-excel-converter.html,blog/hsbc-bank-statement-processing.html
jp/blog/best-pdf-to-excel-converter.html,blog/quickbooks-vs-other-software.html
jp/blog/how-to-convert-pdf-bank-statement-to-excel.html,blog/hsbc-bank-statement-processing.html
jp/blog/how-to-convert-pdf-bank-statement-to-excel.html,blog/bank-statement-ocr-technology.html
jp/blog/how-to-convert-pdf-bank-statement-to-excel.html,pricing
jp/blog/how-to-convert-pdf-bank-statement-to-excel.html,jp/blog/hsbc-bank-statement-processing.html
jp/blog/how-to-convert-pdf-bank-statement-to-excel.html,blog/hsbc-bank-statement-processing.html
jp/blog/how-to-convert-pdf-bank-statement-to-excel.html,blog/quickbooks-vs-other-software.html
jp/blog/ai-invoice-processing-guide.html,blog/hsbc-bank-statement-processing.html
jp/blog/ai-invoice-processing-guide.html,blog/bank-statement-ocr-technology.html
jp/blog/ai-invoice-processing-guide.html,pricing
jp/blog/ai-invoice-processing-guide.html,blog/quickbooks-vs-other-software.html
jp/blog/ai-invoice-processing-guide.html,blog/small-business-accounting-tools.html
jp/blog/ai-invoice-processing-guide.html,blog/ai-accounting-benefits.html
jp/blog/ocr-accuracy-for-accounting.html,blog/hsbc-bank-statement-processing.html
jp/blog/ocr-accuracy-for-accounting.html,blog/bank-statement-ocr-technology.html
jp/blog/ocr-accuracy-for-accounting.html,pricing
jp/blog/ocr-accuracy-for-accounting.html,blog/quickbooks-vs-other-software.html
jp/blog/ocr-accuracy-for-accounting.html,blog/small-business-accounting-tools.html
jp/blog/ocr-accuracy-for-accounting.html,blog/ai-accounting-benefits.html
jp/blog/expense-tracking-receipts.html,blog/hsbc-bank-statement-processing.html
jp/blog/expense-tracking-receipts.html,blog/bank-statement-ocr-technology.html
jp/blog/expense-tracking-receipts.html,pricing
jp/blog/expense-tracking-receipts.html,jp/blog/hsbc-bank-statement-processing.html
jp/blog/expense-tracking-receipts.html,blog/hsbc-bank-statement-processing.html
jp/blog/expense-tracking-receipts.html,blog/quickbooks-vs-other-software.html
jp/blog/accounting-firm-automation.html,blog/hsbc-bank-statement-processing.html
jp/blog/accounting-firm-automation.html,blog/bank-statement-ocr-technology.html
jp/blog/accounting-firm-automation.html,pricing
jp/blog/accounting-firm-automation.html,blog/quickbooks-vs-other-software.html
jp/blog/accounting-firm-automation.html,blog/small-business-accounting-tools.html
jp/blog/accounting-firm-automation.html,blog/ai-accounting-benefits.html
jp/blog/freelancer-tax-preparation-guide.html,blog/hsbc-bank-statement-processing.html
jp/blog/freelancer-tax-preparation-guide.html,blog/bank-statement-ocr-technology.html
jp/blog/freelancer-tax-preparation-guide.html,pricing
jp/blog/freelancer-tax-preparation-guide.html,jp/blog/hsbc-bank-statement-processing.html
jp/blog/freelancer-tax-preparation-guide.html,blog/hsbc-bank-statement-processing.html
jp/blog/freelancer-tax-preparation-guide.html,blog/quickbooks-vs-other-software.html
jp/blog/manual-vs-ai-cost-analysis.html,blog/hsbc-bank-statement-processing.html
jp/blog/manual-vs-ai-cost-analysis.html,blog/bank-statement-ocr-technology.html
jp/blog/manual-vs-ai-cost-analysis.html,pricing
jp/blog/manual-vs-ai-cost-analysis.html,blog/quickbooks-vs-other-software.html
jp/blog/manual-vs-ai-cost-analysis.html,blog/small-business-accounting-tools.html
jp/blog/manual-vs-ai-cost-analysis.html,blog/ai-accounting-benefits.html
jp/blog/client-document-management-for-accountants.html,blog/hsbc-bank-statement-processing.html
jp/blog/client-document-management-for-accountants.html,blog/bank-statement-ocr-technology.html
jp/blog/client-document-management-for-accountants.html,pricing
jp/blog/client-document-management-for-accountants.html,jp/blog/hsbc-bank-statement-processing.html
jp/blog/client-document-management-for-accountants.html,blog/hsbc-bank-statement-processing.html
jp/blog/client-document-management-for-accountants.html,blog/quickbooks-vs-other-software.html
jp/blog/small-business-document-management.html,blog/hsbc-bank-statement-processing.html
jp/blog/small-business-document-management.html,blog/bank-statement-ocr-technology.html
jp/blog/small-business-document-management.html,pricing
jp/blog/small-business-document-management.html,jp/blog/hsbc-bank-statement-processing.html
jp/blog/small-business-document-management.html,blog/hsbc-bank-statement-processing.html
jp/blog/small-business-document-management.html,blog/quickbooks-vs-other-software.html
en/index.html,en/mailto:vaultcaddy@gmail.com
en/auth.html,en/forgot-password.html
en/terms.html,en/mailto:vaultcaddy@gmail.com
en/terms.html,en/mailto:vaultcaddy@gmail.com
en/privacy.html,en/mailto:vaultcaddy@gmail.com
en/privacy.html,en/mailto:vaultcaddy@gmail.com
en/blog/receipt-scanning-guide.html,blog/hsbc-bank-statement-processing.html
en/blog/receipt-scanning-guide.html,blog/bank-statement-ocr-technology.html
en/blog/receipt-scanning-guide.html,pricing
en/blog/receipt-scanning-guide.html,en/blog/hsbc-bank-statement-processing.html
en/blog/receipt-scanning-guide.html,blog/hsbc-bank-statement-processing.html
en/blog/receipt-scanning-guide.html,blog/quickbooks-vs-other-software.html
en/blog/ocr-technology-for-accountants.html,blog/hsbc-bank-statement-processing.html
en/blog/ocr-technology-for-accountants.html,blog/bank-statement-ocr-technology.html
en/blog/ocr-technology-for-accountants.html,pricing
en/blog/ocr-technology-for-accountants.html,blog/quickbooks-vs-other-software.html
en/blog/ocr-technology-for-accountants.html,blog/small-business-accounting-tools.html
en/blog/ocr-technology-for-accountants.html,blog/ai-accounting-benefits.html
en/blog/personal-bookkeeping-best-practices.html,blog/hsbc-bank-statement-processing.html
en/blog/personal-bookkeeping-best-practices.html,blog/bank-statement-ocr-technology.html
en/blog/personal-bookkeeping-best-practices.html,pricing
en/blog/personal-bookkeeping-best-practices.html,en/blog/hsbc-bank-statement-processing.html
en/blog/personal-bookkeeping-best-practices.html,blog/hsbc-bank-statement-processing.html
en/blog/personal-bookkeeping-best-practices.html,blog/quickbooks-vs-other-software.html
en/blog/ai-invoice-processing-for-smb.html,blog/hsbc-bank-statement-processing.html
en/blog/ai-invoice-processing-for-smb.html,blog/bank-statement-ocr-technology.html
en/blog/ai-invoice-processing-for-smb.html,pricing
en/blog/ai-invoice-processing-for-smb.html,blog/quickbooks-vs-other-software.html
en/blog/ai-invoice-processing-for-smb.html,blog/small-business-accounting-tools.html
en/blog/ai-invoice-processing-for-smb.html,blog/ai-accounting-benefits.html
en/blog/quickbooks-integration-guide.html,blog/hsbc-bank-statement-processing.html
en/blog/quickbooks-integration-guide.html,blog/bank-statement-ocr-technology.html
en/blog/quickbooks-integration-guide.html,pricing
en/blog/quickbooks-integration-guide.html,blog/hsbc-bank-statement-processing.html
en/blog/quickbooks-integration-guide.html,blog/quickbooks-vs-other-software.html
en/blog/freelancer-invoice-management.html,blog/hsbc-bank-statement-processing.html
en/blog/freelancer-invoice-management.html,blog/bank-statement-ocr-technology.html
en/blog/freelancer-invoice-management.html,pricing
en/blog/freelancer-invoice-management.html,en/blog/hsbc-bank-statement-processing.html
en/blog/freelancer-invoice-management.html,blog/hsbc-bank-statement-processing.html
en/blog/freelancer-invoice-management.html,blog/quickbooks-vs-other-software.html
en/blog/automate-financial-documents.html,blog/hsbc-bank-statement-processing.html
en/blog/automate-financial-documents.html,blog/bank-statement-ocr-technology.html
en/blog/automate-financial-documents.html,pricing
en/blog/automate-financial-documents.html,blog/quickbooks-vs-other-software.html
en/blog/automate-financial-documents.html,blog/small-business-accounting-tools.html
en/blog/automate-financial-documents.html,blog/ai-accounting-benefits.html
en/blog/accounting-workflow-optimization.html,blog/hsbc-bank-statement-processing.html
en/blog/accounting-workflow-optimization.html,blog/bank-statement-ocr-technology.html
en/blog/accounting-workflow-optimization.html,pricing
en/blog/accounting-workflow-optimization.html,blog/quickbooks-vs-other-software.html
en/blog/accounting-workflow-optimization.html,blog/small-business-accounting-tools.html
en/blog/accounting-workflow-optimization.html,blog/ai-accounting-benefits.html
en/blog/best-pdf-to-excel-converter.html,blog/hsbc-bank-statement-processing.html
en/blog/best-pdf-to-excel-converter.html,blog/bank-statement-ocr-technology.html
en/blog/best-pdf-to-excel-converter.html,pricing
en/blog/best-pdf-to-excel-converter.html,en/blog/hsbc-bank-statement-processing.html
en/blog/best-pdf-to-excel-converter.html,blog/hsbc-bank-statement-processing.html
en/blog/best-pdf-to-excel-converter.html,blog/quickbooks-vs-other-software.html
en/blog/how-to-convert-pdf-bank-statement-to-excel.html,blog/hsbc-bank-statement-processing.html
en/blog/how-to-convert-pdf-bank-statement-to-excel.html,blog/bank-statement-ocr-technology.html
en/blog/how-to-convert-pdf-bank-statement-to-excel.html,pricing
en/blog/how-to-convert-pdf-bank-statement-to-excel.html,en/blog/hsbc-bank-statement-processing.html
en/blog/how-to-convert-pdf-bank-statement-to-excel.html,blog/hsbc-bank-statement-processing.html
en/blog/how-to-convert-pdf-bank-statement-to-excel.html,blog/quickbooks-vs-other-software.html
en/blog/ai-invoice-processing-guide.html,blog/hsbc-bank-statement-processing.html
en/blog/ai-invoice-processing-guide.html,blog/bank-statement-ocr-technology.html
en/blog/ai-invoice-processing-guide.html,pricing
en/blog/ai-invoice-processing-guide.html,blog/quickbooks-vs-other-software.html
en/blog/ai-invoice-processing-guide.html,blog/small-business-accounting-tools.html
en/blog/ai-invoice-processing-guide.html,blog/ai-accounting-benefits.html
en/blog/ocr-accuracy-for-accounting.html,blog/hsbc-bank-statement-processing.html
en/blog/ocr-accuracy-for-accounting.html,blog/bank-statement-ocr-technology.html
en/blog/ocr-accuracy-for-accounting.html,pricing
en/blog/ocr-accuracy-for-accounting.html,blog/quickbooks-vs-other-software.html
en/blog/ocr-accuracy-for-accounting.html,blog/small-business-accounting-tools.html
en/blog/ocr-accuracy-for-accounting.html,blog/ai-accounting-benefits.html
en/blog/expense-tracking-receipts.html,blog/hsbc-bank-statement-processing.html
en/blog/expense-tracking-receipts.html,blog/bank-statement-ocr-technology.html
en/blog/expense-tracking-receipts.html,pricing
en/blog/expense-tracking-receipts.html,en/blog/hsbc-bank-statement-processing.html
en/blog/expense-tracking-receipts.html,blog/hsbc-bank-statement-processing.html
en/blog/expense-tracking-receipts.html,blog/quickbooks-vs-other-software.html
en/blog/accounting-firm-automation.html,blog/hsbc-bank-statement-processing.html
en/blog/accounting-firm-automation.html,blog/bank-statement-ocr-technology.html
en/blog/accounting-firm-automation.html,pricing
en/blog/accounting-firm-automation.html,blog/quickbooks-vs-other-software.html
en/blog/accounting-firm-automation.html,blog/small-business-accounting-tools.html
en/blog/accounting-firm-automation.html,blog/ai-accounting-benefits.html
en/blog/freelancer-tax-preparation-guide.html,blog/hsbc-bank-statement-processing.html
en/blog/freelancer-tax-preparation-guide.html,blog/bank-statement-ocr-technology.html
en/blog/freelancer-tax-preparation-guide.html,pricing
en/blog/freelancer-tax-preparation-guide.html,en/blog/hsbc-bank-statement-processing.html
en/blog/freelancer-tax-preparation-guide.html,blog/hsbc-bank-statement-processing.html
en/blog/freelancer-tax-preparation-guide.html,blog/quickbooks-vs-other-software.html
en/blog/manual-vs-ai-cost-analysis.html,blog/hsbc-bank-statement-processing.html
en/blog/manual-vs-ai-cost-analysis.html,blog/bank-statement-ocr-technology.html
en/blog/manual-vs-ai-cost-analysis.html,pricing
en/blog/manual-vs-ai-cost-analysis.html,blog/quickbooks-vs-other-software.html
en/blog/manual-vs-ai-cost-analysis.html,blog/small-business-accounting-tools.html
en/blog/manual-vs-ai-cost-analysis.html,blog/ai-accounting-benefits.html
en/blog/client-document-management-for-accountants.html,blog/hsbc-bank-statement-processing.html
en/blog/client-document-management-for-accountants.html,blog/bank-statement-ocr-technology.html
en/blog/client-document-management-for-accountants.html,pricing
en/blog/client-document-management-for-accountants.html,en/blog/hsbc-bank-statement-processing.html
en/blog/client-document-management-for-accountants.html,blog/hsbc-bank-statement-processing.html
en/blog/client-document-management-for-accountants.html,blog/quickbooks-vs-other-software.html
en/blog/small-business-document-management.html,blog/hsbc-bank-statement-processing.html
en/blog/small-business-document-management.html,blog/bank-statement-ocr-technology.html
en/blog/small-business-document-management.html,pricing
en/blog/small-business-document-management.html,en/blog/hsbc-bank-statement-processing.html
en/blog/small-business-document-management.html,blog/hsbc-bank-statement-processing.html
en/blog/small-business-document-management.html,blog/quickbooks-vs-other-software.html
backup_latest/index.html,backup_latest/mailto:support@vaultcaddy.com
backup_latest/terms.html,backup_latest/mailto:vaultcaddy@gmail.com
backup_latest/terms.html,backup_latest/mailto:support@vaultcaddy.com
backup_latest/privacy.html,backup_latest/mailto:vaultcaddy@gmail.com
backup_latest/privacy.html,backup_latest/mailto:support@vaultcaddy.com
