页面URL,主要关键词,次要关键词1,次要关键词2,次要关键词3,搜索量/月,难度,优先级,当前排名,目标排名,优化状态
/index.html,銀行對帳單處理,AI會計,QuickBooks整合,銀行對帳單轉Excel,1000,中,高,15,Top 3,待优化
/en/index.html,bank statement processing,AI accounting,QuickBooks integration,bank statement to Excel,800,中,高,20,Top 5,待优化
/jp/index.html,銀行取引明細書処理,AI会計,QuickBooks統合,銀行取引明細書Excel,300,低,中,30+,Top 10,待优化
/kr/index.html,은행 명세서 처리,AI 회계,QuickBooks 통합,은행 명세서 Excel,250,低,中,30+,Top 10,待优化
/blog/how-to-convert-pdf-bank-statement-to-excel.html,PDF銀行對帳單轉Excel,銀行對帳單處理,如何轉換對帳單,PDF轉Excel,500,中,高,12,Top 3,待优化
/blog/quickbooks-integration-guide.html,QuickBooks整合,QuickBooks教程,銀行對帳單導入,QuickBooks香港,300,中,高,18,Top 5,待优化
/blog/hsbc-bank-statement-processing.html,匯豐銀行對帳單,HSBC對帳單處理,匯豐銀行明細,HSBC Excel,250,低,高,25,Top 5,待优化
/blog/hang-seng-bank-processing.html,恆生銀行對帳單,恆生銀行明細,Hang Seng處理,恆生銀行Excel,200,低,高,30+,Top 5,待优化
/blog/boc-hk-statement-guide.html,中銀香港對帳單,BOC對帳單處理,中國銀行香港,中銀Excel,150,低,高,30+,Top 5,待优化
/blog/accounting-firm-automation.html,會計師事務所自動化,會計師軟件,會計流程優化,會計自動化,400,中,高,22,Top 5,待优化
/blog/small-business-accounting-tools.html,中小企業會計工具,中小企業軟件,會計系統,財務管理,350,中,高,28,Top 10,待优化
/blog/freelancer-accounting-guide.html,自由職業者會計,SOHO會計,個人會計軟件,記帳工具,200,低,中,30+,Top 10,待优化
/blog/tax-season-preparation-hk.html,香港稅務季準備,報稅準備,稅務文件,年度報稅,600,中,高,15,Top 3,待优化
/blog/quickbooks-vs-other-software.html,會計軟件比較,QuickBooks對比,最好的會計軟件,會計軟件推薦,280,中,高,30+,Top 10,待优化
/blog/ai-accounting-benefits.html,AI會計優勢,AI自動化,人工智能會計,會計AI,180,低,中,30+,Top 10,待优化
/blog/bank-statement-ocr-technology.html,銀行對帳單OCR,OCR識別,文字識別,PDF識別,150,低,中,30+,Top 10,待优化
/blog/expense-tracking-guide.html,費用追蹤,支出管理,報銷管理,費用記錄,220,低,中,30+,Top 10,待优化
/blog/invoice-processing-automation.html,發票處理自動化,發票管理,發票識別,發票OCR,300,中,高,25,Top 10,待优化
/blog/financial-reporting-automation.html,財務報告自動化,財務報表,自動報告,財務分析,160,低,中,30+,Top 10,待优化
/blog/audit-preparation-checklist.html,審計準備,年度審計,審計文件,審計清單,180,低,中,30+,Top 10,待优化
/solutions/accountant/,會計師解決方案,會計師軟件,會計事務所,會計師工具,250,中,高,30+,Top 10,待优化
/solutions/small-business/,中小企業方案,SME會計,中小企業財務,小型企業,300,中,高,30+,Top 10,待优化
/solutions/freelancer/,自由職業者方案,SOHO方案,個人會計,自僱人士,180,低,中,30+,Top 10,待优化
/solutions/startup/,創業公司方案,初創企業,Startup會計,創業財務,150,低,中,30+,Top 10,待优化
/pricing,銀行對帳單處理費用,會計軟件價格,VaultCaddy價格,訂閱價格,200,低,高,20,Top 5,待优化
/en/blog/how-to-convert-pdf-bank-statement-to-excel.html,PDF bank statement to Excel,bank statement conversion,convert bank statement,PDF to Excel,400,中,高,15,Top 3,待优化
/en/blog/quickbooks-integration-guide.html,QuickBooks integration,QuickBooks guide,bank statement import,QuickBooks Hong Kong,250,中,高,20,Top 5,待优化
/en/blog/hsbc-bank-statement-processing.html,HSBC bank statement,HSBC processing,HSBC statement Excel,HSBC Hong Kong,180,低,高,28,Top 5,待优化
/en/blog/accounting-firm-automation.html,accounting firm automation,accounting software,accounting automation,firm efficiency,300,中,高,25,Top 5,待优化
/en/blog/small-business-accounting-tools.html,small business accounting,SME accounting tools,accounting for small business,business finance,280,中,高,30+,Top 10,待优化







